epoch,train_loss,val_loss
0,0.024154133423344076,0.02432682343359338
1,0.02231097316087301,0.02251994629370747
2,0.012669037962262519,0.012754422114725458
3,0.012416775966909092,0.012491793383970799
4,0.01227276701000119,0.012335447447934711
5,0.012252866776987503,0.012318027095249273
6,0.012183817703606473,0.012264704994001658
7,0.012168141626483702,0.012240980300905358
8,0.01017755216987013,0.010243002709109715
9,0.010088265588152595,0.010150257239878193
