epoch,train_loss,val_loss
0,3.962463074674209,2.581082844734192
1,3.960105362534523,2.579863357543945
2,3.9575739617149037,2.578534331917763
