epoch,train_loss,val_loss
0,4.404582812309265,4.422566555976868
1,5.435715343952179,5.454627392411232
2,3.0805907872915266,3.1054025079011915
3,3.4174926470915477,3.4423073105812074
4,1.2671145596305529,1.2863370222449302
5,0.930012843037645,0.9372901293933391
6,2.4087890582084657,2.4309391785264016
7,2.444599727551142,2.4528250418305397
8,1.3537125130494436,1.363478801727295
9,0.7558907326608896,0.7649919371306896
