epoch,train_loss,val_loss
0,0.04740696163785954,0.047970927969552574
1,0.9651455377340317,0.9707685283869505
2,0.09742817126090328,0.09784485258162022
3,0.005071182975332098,0.0051737101145554335
4,0.005555503081336307,0.005707599147281144
5,0.0028716689117912514,0.0029548672372184228
6,0.7601579028343161,0.7636644594967366
7,0.2046145579777658,0.20577548928558825
8,0.027625041644399363,0.02792808078904636
9,0.00837124450415528,0.008471961206174456
