epoch,train_loss,val_loss
0,33.567801146507264,34.88725419282913
1,33.3367626508077,34.658763830661776
2,33.049414877096815,34.388308804035184
3,24.898571910858156,25.806651949882507
4,34.40480773528417,35.73318958759308
