epoch,train_loss,val_loss
0,2.563930297076702,2.602442059636116
1,2.125567159672578,2.167316779971123
2,7.341411740064621,7.3881847956180575
3,3.3329972839156787,3.373804565668106
4,19.322007823149363,19.40204608154297
5,1.15273786525925,1.1712118386626245
6,3.3088958751956623,3.3339120938181876
7,1.044236117184162,1.0574645936787128
8,2.4470775214234988,2.4568728520274163
9,3.0308827868103982,3.0678103142380713
