epoch,train_loss,val_loss
0,75.58234758915503,75.84357479906082
1,75.58106922578811,75.84203769278527
2,75.5363212890625,75.79638500809669
