epoch,train_loss,val_loss
0,1.3244202034547925,1.1187605543062091
1,1.322727137307326,1.117166493088007
2,1.3225602286246916,1.1170077545568347
3,1.322508057486266,1.1169655149802566
4,1.322500762467583,1.1169567758217454
5,1.3224930551834404,1.1169483928009867
6,1.32249384218206,1.1169505424797534
7,1.3224960906120637,1.1169520443305374
8,1.3224914867120485,1.1169505525380372
9,1.3224882523839672,1.1169477228075266
