epoch,train_loss,val_loss
0,2.161923841992393,2.1156159684062006
