epoch,train_loss,val_loss
0,0.6936085428443427,0.7201712372228504
1,0.6892059678042618,0.7156477295914665
2,0.6886279335117433,0.7151264917894732
3,0.6884591068271547,0.714983528384706
4,0.6883409305628544,0.7148876340300776
5,0.6882693045315488,0.7148378272326663
6,0.6882628445276059,0.7148357154363766
7,0.6882328060434666,0.7148073092317209
8,0.688302757294383,0.7148830823304597
9,0.6882188732339225,0.7147687546042726
