epoch,train_loss,val_loss
0,0.030421392366764697,0.029217760366972014
1,0.027692104611780222,0.027220502196601045
2,0.027148334856933236,0.026653816783006164
3,0.027040629104439433,0.026528970088065876
4,0.027006285563315545,0.02649127596578779
5,0.026997328902044614,0.026483110749093784
6,0.026991196315483516,0.026478544810142834
7,0.026987537747459035,0.026476473625683353
8,0.02698600163857653,0.02647576555949527
9,0.026984341518038177,0.026475079769994494
