epoch,train_loss,val_loss
1,94.05972778320313,93.39936225891114
2,78.45950405756632,78.63790996551514
