epoch,train_loss,val_loss
1,1.2975453046957652,1.2879489341378212
2,1.3425137703617414,1.348601637482643
