epoch,train_loss,val_loss
0,7.242261572678884,6.658963358402252
1,7.234433456261953,6.653492176532746
2,7.226755412419637,6.64774774312973
